{"cameraMode":{"drawMode":0,"name":"Shaded","section":"Shading Mode"},"sceneLighting":false,"audioPlay":false,"sceneViewState":{"m_AlwaysRefresh":false,"showFog":true,"showSkybox":false,"showFlares":true,"showImageEffects":true,"showParticleSystems":true,"showVisualEffectGraphs":true,"m_FxEnabled":true},"in2DMode":false,"pivot":{"x":407.09619140625,"y":447.6380920410156,"z":1357.7467041015625},"rotation":{"x":-0.040792375802993777,"y":0.01708178222179413,"z":-0.0006976472795940936,"w":-0.9990221261978149},"size":1483.189208984375,"orthographic":false}